model_id,mean_toxicity,std_toxicity
ybelkada/gpt-neo-125m-detox,0.1434447176601571,0.2846082447272225
EleutherAI/gpt-neo-125M,0.1595475150526221,0.2927818166507987
EleutherAI/gpt-neo-2.7B,0.20302322262417946,0.33910943166424873
ybelkada/gpt-neo-2.7B-detox,0.10554339660769467,0.2267722723553953
